City,Cloudiness,Country Code,Date,Humidity,Latitude,Longitude,Max Temp,Wind Speed
Ponta do Sol,20.0,PT,1607904396.0,82.0,32.67,-17.1,62.6,4.7
Bathsheba,20.0,BB,1607904396.0,83.0,13.22,-59.52,78.8,6.93
Dikson,100.0,RU,1607904396.0,92.0,73.51,80.55,-2.51,14.23
Penzance,83.0,GB,1607904396.0,87.0,50.12,-5.54,51.8,26.4
Adrar,90.0,MR,1607904396.0,27.0,20.5,-10.07,64.13,7.11
Sitka,75.0,US,1607904242.0,48.0,57.05,-135.33,44.6,17.22
Bluff,98.0,NZ,1607904396.0,71.0,-46.6,168.33,57.99,11.99
Ushuaia,40.0,AR,1607904396.0,75.0,-54.8,-68.3,48.2,20.8
Chicama,93.0,PE,1607904396.0,88.0,-7.84,-79.15,66.2,9.17
Cherskiy,100.0,RU,1607904396.0,88.0,68.75,161.3,-17.46,5.01
Saldanha,59.0,ZA,1607904396.0,76.0,-33.01,17.94,55.4,2.24
Eilat,0.0,IL,1607904397.0,68.0,29.56,34.95,66.2,4.7
Mount Isa,100.0,AU,1607904397.0,48.0,-20.73,139.5,87.8,13.87
Albany,97.0,US,1607904364.0,69.0,42.6,-73.97,39.99,8.7
Gōtsuchō,75.0,JP,1607904397.0,86.0,35.0,132.22,39.2,24.16
Paraná,33.0,AR,1607904397.0,71.0,-31.73,-60.52,66.99,3.0
Swellendam,52.0,ZA,1607904397.0,82.0,-34.02,20.44,59.0,3.36
Ubari,0.0,LY,1607904397.0,48.0,26.59,12.78,49.78,6.62
Puerto Ayora,99.0,EC,1607904397.0,91.0,-0.74,-90.35,73.0,8.99
Castro,32.0,BR,1607904295.0,95.0,-24.79,-50.01,66.18,5.99
Saint Paul Harbor,90.0,US,1607904398.0,93.0,57.79,-152.41,42.8,20.8
Lata,100.0,PT,1607904398.0,91.0,40.16,-8.33,59.0,1.01
Upernavik,100.0,GL,1607904398.0,98.0,72.79,-56.15,24.15,1.88
Mataura,91.0,NZ,1607904398.0,71.0,-46.19,168.86,57.99,11.99
Thompson,5.0,CA,1607904398.0,75.0,55.74,-97.86,-16.6,5.82
Lixouri,100.0,GR,1607904398.0,72.0,38.2,20.43,59.65,20.96
Talgar,90.0,KZ,1607904398.0,92.0,43.3,77.24,15.8,4.47
Cape Town,0.0,ZA,1607904247.0,82.0,-33.93,18.42,61.0,1.12
Busselton,23.0,AU,1607904398.0,78.0,-33.65,115.33,61.0,9.51
Port Macquarie,100.0,AU,1607904398.0,99.0,-31.43,152.92,70.0,1.01
Hithadhoo,34.0,MV,1607904398.0,76.0,-0.6,73.08,82.45,17.0
Mezen',100.0,RU,1607904399.0,98.0,65.85,44.24,26.74,8.21
Yellowknife,20.0,CA,1607904399.0,67.0,62.46,-114.35,-25.01,3.36
Maragogi,75.0,BR,1607904099.0,76.0,-9.01,-35.22,78.67,10.25
Wadi Maliz,40.0,TN,1607904399.0,87.0,36.47,8.55,48.2,2.24
Araguaína,10.0,BR,1607904399.0,65.0,-7.19,-48.21,79.29,2.35
Henties Bay,44.0,NA,1607904399.0,91.0,-22.12,14.28,62.01,3.15
Kahului,40.0,US,1607904399.0,54.0,20.89,-156.47,84.2,9.17
Souillac,75.0,MU,1607904399.0,94.0,-20.52,57.52,75.2,13.87
Port Alfred,15.0,ZA,1607904399.0,96.0,-33.59,26.89,64.99,3.0
Belaya Gora,100.0,RU,1607904400.0,87.0,68.53,146.42,-22.25,3.51
Mar del Plata,0.0,AR,1607904123.0,39.0,-38.0,-57.56,64.4,3.36
Tautira,40.0,PF,1607904400.0,66.0,-17.73,-149.15,86.0,13.87
Makkah al Mukarramah,0.0,SA,1607904400.0,61.0,21.43,39.83,72.14,1.05
Naze,75.0,JP,1607904400.0,68.0,28.37,129.48,68.0,5.82
Severo-Kuril'sk,100.0,RU,1607904400.0,91.0,50.68,156.12,34.25,45.39
Halifax,89.0,CA,1607904198.0,100.0,44.65,-63.57,48.99,4.7
Muros,47.0,ES,1607904400.0,86.0,42.78,-9.06,59.0,11.99
New Norfolk,0.0,AU,1607904400.0,38.0,-42.78,147.06,84.0,3.0
Lorengau,98.0,PG,1607904401.0,78.0,-2.02,147.27,84.6,11.95
Sinnamary,1.0,GF,1607904401.0,86.0,5.38,-52.95,78.06,7.99
Bonavista,100.0,CA,1607904401.0,92.0,48.65,-53.11,28.99,3.36
Tuktoyaktuk,75.0,CA,1607904401.0,76.0,69.45,-133.04,-4.0,11.41
Barrow,1.0,US,1607904401.0,64.0,71.29,-156.79,-4.0,23.04
Kiryat Gat,0.0,IL,1607904401.0,37.0,31.61,34.76,75.0,8.05
Thunder Bay,90.0,CA,1607904238.0,92.0,48.4,-89.32,17.01,12.75
Dunedin,80.0,NZ,1607904401.0,64.0,-45.87,170.5,60.01,15.99
Vizinga,52.0,RU,1607904402.0,94.0,61.07,50.1,15.13,7.0
Berlevåg,97.0,NO,1607904402.0,92.0,70.86,29.09,30.07,8.84
High Level,90.0,CA,1607904402.0,83.0,58.52,-117.14,-14.8,2.24
Rikitea,43.0,PF,1607904402.0,69.0,-23.12,-134.97,76.32,4.41
Lüderitz,0.0,NA,1607904402.0,87.0,-26.65,15.16,59.0,10.29
Vaini,20.0,TO,1607904402.0,74.0,-21.2,-175.2,86.0,14.99
Riyadh,0.0,SA,1607904402.0,62.0,24.69,46.72,51.8,2.64
Vila Franca do Campo,40.0,PT,1607904402.0,71.0,37.72,-25.43,55.4,11.41
Pinega,98.0,RU,1607904402.0,97.0,64.7,43.39,15.19,5.79
Nara,75.0,JP,1607904403.0,52.0,34.69,135.8,51.8,17.22
Hobart,0.0,AU,1607904374.0,38.0,-42.88,147.33,84.0,11.41
Tiksi,34.0,RU,1607904403.0,82.0,71.69,128.87,-28.61,3.49
Coquimbo,40.0,CL,1607904302.0,87.0,-29.95,-71.34,59.0,13.87
San Luis,0.0,AR,1607904286.0,24.0,-33.3,-66.34,66.0,10.74
Mahébourg,75.0,MU,1607904403.0,94.0,-20.41,57.7,75.2,13.87
Bar Harbor,90.0,US,1607904403.0,93.0,44.39,-68.2,44.01,6.93
Fairfield,1.0,US,1607904403.0,53.0,41.27,-73.32,51.01,5.82
Kloulklubed,75.0,PW,1607904403.0,78.0,7.04,134.26,82.4,11.41
Jamestown,90.0,US,1607903612.0,92.0,42.1,-79.24,33.01,5.82
Shibetsu,40.0,JP,1607904404.0,79.0,43.66,145.13,21.2,2.24
Lebedinyy,32.0,RU,1607904404.0,82.0,58.52,125.52,-40.61,0.58
Hobyo,8.0,SO,1607904404.0,77.0,5.35,48.53,77.49,19.24
Bridlington,75.0,GB,1607904404.0,93.0,54.08,-0.19,50.0,8.05
Uyemskiy,90.0,RU,1607904404.0,92.0,64.47,40.85,21.2,2.24
Ahipara,40.0,NZ,1607904404.0,56.0,-35.17,173.17,69.75,3.6
Esperance,75.0,AU,1607904404.0,63.0,-33.87,121.9,62.6,18.34
Saint George,1.0,US,1607904183.0,28.0,37.1,-113.58,43.0,4.63
Bredasdorp,45.0,ZA,1607904404.0,82.0,-34.53,20.04,59.0,3.36
Salinópolis,68.0,BR,1607904404.0,79.0,-0.61,-47.36,80.47,9.69
Nouadhibou,64.0,MR,1607904404.0,72.0,20.93,-17.03,64.4,16.11
Mandalgovi,40.0,MN,1607904405.0,73.0,45.76,106.27,-8.9,5.84
Miandrivazo,100.0,MG,1607904405.0,76.0,-19.52,45.47,79.2,2.84
Nizwá,0.0,OM,1607904405.0,76.0,22.93,57.53,53.26,2.19
Atambua,100.0,ID,1607904405.0,80.0,-9.11,124.89,80.53,0.98
Khatanga,100.0,RU,1607904405.0,91.0,71.97,102.5,-5.87,8.14
Bethel,1.0,US,1607904211.0,53.0,41.37,-73.41,50.0,5.82
Tursunzoda,90.0,TJ,1607904405.0,92.0,38.51,68.23,28.4,4.47
Salalah,0.0,OM,1607904405.0,30.0,17.02,54.09,69.8,9.17
Hamilton,90.0,US,1607904379.0,70.0,39.18,-84.53,43.0,5.57
Qaanaaq,100.0,GL,1607904405.0,90.0,77.48,-69.36,23.83,5.79
Rundu,85.0,NA,1607904406.0,81.0,-17.93,19.77,69.67,4.63
Vikulovo,70.0,RU,1607904406.0,95.0,56.82,70.61,8.76,8.95
Carnarvon,1.0,AU,1607904406.0,56.0,-24.87,113.63,69.8,19.46
Chui,100.0,UY,1607904406.0,70.0,-33.7,-53.46,63.86,9.35
Tignère,22.0,CM,1607904406.0,29.0,7.37,12.65,68.88,1.34
Paamiut,100.0,GL,1607904406.0,93.0,61.99,-49.67,22.37,41.14
Longyearbyen,75.0,SJ,1607904406.0,73.0,78.22,15.64,19.4,4.7
Xining,69.0,CN,1607904406.0,88.0,36.62,101.77,8.8,3.33
Conde,40.0,BR,1607904406.0,94.0,-7.26,-34.91,77.0,9.17
Gillette,1.0,US,1607904162.0,72.0,44.29,-105.5,17.6,8.05
Avarua,50.0,CK,1607904407.0,74.0,-21.21,-159.78,84.2,6.93
San Patricio,75.0,US,1607904407.0,56.0,28.02,-97.52,73.4,20.8
Ginda,2.0,IN,1607904407.0,44.0,30.69,78.49,37.99,8.08
Batagay-Alyta,0.0,RU,1607904407.0,67.0,67.8,130.41,-34.19,1.36
Katsuura,75.0,JP,1607904407.0,62.0,35.13,140.3,57.99,14.99
Lagos,9.0,NG,1607904126.0,90.0,6.58,3.75,78.22,4.56
Hermanus,17.0,ZA,1607904121.0,93.0,-34.42,19.23,57.0,8.41
Dali,99.0,CN,1607904407.0,83.0,25.7,100.18,43.05,3.6
Bandarbeyla,0.0,SO,1607904407.0,69.0,9.49,50.81,72.41,16.24
Sakaiminato,75.0,JP,1607904231.0,81.0,35.55,133.23,42.8,8.05
Severnyy,90.0,RU,1607904408.0,92.0,50.68,36.55,26.6,11.18
Punta Arenas,40.0,CL,1607904408.0,66.0,-53.15,-70.92,48.2,16.11
Saint-François,0.0,FR,1607904408.0,93.0,46.42,3.91,43.0,2.24
Arraial do Cabo,75.0,BR,1607904312.0,78.0,-22.97,-42.03,78.8,9.17
Qasigiannguit,100.0,GL,1607904408.0,73.0,68.82,-51.19,24.8,9.17
Atuona,1.0,PF,1607904408.0,73.0,-9.8,-139.03,79.18,13.18
Kavieng,40.0,PG,1607904408.0,73.0,-2.57,150.8,85.14,10.85
Lebu,14.0,CL,1607904408.0,77.0,-37.62,-73.65,53.62,14.09
Staryy Nadym,100.0,RU,1607904408.0,96.0,65.61,72.68,13.12,6.15
Chepareria,30.0,KE,1607904409.0,66.0,1.31,35.2,58.87,3.87
Hasaki,75.0,JP,1607904409.0,70.0,35.73,140.83,46.4,5.82
Shellbrook,20.0,CA,1607904409.0,69.0,53.22,-106.4,-7.6,4.7
Dawei,83.0,MM,1607904409.0,86.0,14.08,98.2,74.35,2.75
Todos Santos,0.0,MX,1607904409.0,63.0,23.45,-110.22,73.0,1.99
Chokurdakh,100.0,RU,1607904409.0,88.0,70.63,147.92,-19.17,6.06
Vao,90.0,NC,1607904409.0,79.0,-22.67,167.48,77.29,23.0
Bambous Virieux,75.0,MU,1607904409.0,94.0,-20.34,57.76,75.2,13.87
Poum,64.0,NC,1607904409.0,80.0,-20.23,164.02,81.21,26.78
Luau,99.0,AO,1607904409.0,99.0,-10.71,22.22,62.92,5.61
Hilo,90.0,US,1607904409.0,69.0,19.73,-155.09,80.6,9.17
Dickinson,75.0,US,1607904291.0,82.0,29.46,-95.05,59.0,23.04
‘Āhuimanu,7.0,US,1607904410.0,65.0,21.44,-157.84,82.4,8.05
Madingou,100.0,CG,1607904410.0,95.0,-4.15,13.55,73.54,1.92
Lumberton,1.0,US,1607904140.0,93.0,34.62,-79.01,62.6,5.82
Provideniya,90.0,RU,1607904410.0,85.0,64.38,-173.3,19.4,26.84
Tamandaré,99.0,BR,1607904410.0,77.0,-8.76,-35.1,78.35,9.73
Ahome,5.0,MX,1607904410.0,35.0,25.92,-109.18,73.4,19.46
Saskylakh,100.0,RU,1607904410.0,83.0,71.92,114.08,-23.91,16.82
Isangel,75.0,VU,1607904410.0,74.0,-19.55,169.27,86.0,9.17
Barra,12.0,BR,1607904242.0,46.0,-11.09,-43.14,77.2,3.04
Abu Samrah,90.0,SY,1607904410.0,69.0,35.3,37.18,53.91,6.42
Nemenčinė,90.0,LT,1607904411.0,100.0,54.85,25.48,30.0,3.36
Ulagan,100.0,RU,1607904411.0,85.0,50.63,87.96,4.03,0.94
Vad,28.0,RU,1607904411.0,94.0,55.53,44.21,10.92,7.72
George Town,20.0,MY,1607904411.0,94.0,5.41,100.34,78.8,4.63
St. George's,20.0,GD,1607904411.0,94.0,12.06,-61.75,78.8,11.12
Alençon,75.0,FR,1607904219.0,93.0,48.43,0.08,51.8,9.17
Ribeira Grande,62.0,PT,1607904411.0,64.0,38.52,-28.7,58.51,20.69
Kunnamangalam,40.0,IN,1607904411.0,94.0,11.3,75.88,73.4,2.24
Lexington,90.0,US,1607904204.0,75.0,37.99,-84.48,44.01,3.36
Hualmay,57.0,PE,1607904411.0,83.0,-11.1,-77.61,67.53,9.37
Montepuez,58.0,MZ,1607904412.0,95.0,-13.13,39.0,70.45,3.42
Whitehorse,75.0,CA,1607904412.0,71.0,60.72,-135.05,8.6,2.24
Tabuk,69.0,PH,1607904412.0,85.0,17.42,121.44,76.23,1.43
Presidencia Roque Sáenz Peña,95.0,AR,1607904412.0,94.0,-26.79,-60.44,68.0,4.0
Khowai,51.0,IN,1607904412.0,95.0,24.1,91.63,59.47,2.89
Fortuna,100.0,US,1607904412.0,90.0,40.6,-124.16,51.01,1.01
Ji’an,100.0,CN,1607904413.0,86.0,27.12,114.98,39.42,14.36
Carroll,96.0,US,1607904413.0,73.0,39.55,-77.02,44.01,6.71
Geraldton,40.0,AU,1607904413.0,52.0,-28.77,114.6,68.0,11.41
Baharly,0.0,TM,1607904413.0,84.0,38.44,57.43,29.03,8.86
Kyra,8.0,RU,1607904413.0,82.0,49.58,111.98,-8.57,3.56
Dahuk,100.0,IQ,1607904413.0,73.0,36.87,42.99,50.94,3.96
Port Elizabeth,0.0,ZA,1607904413.0,93.0,-33.92,25.57,66.2,3.36
Honiara,40.0,SB,1607904204.0,70.0,-9.43,159.95,87.8,4.7
Krasnosel'kup,99.0,RU,1607904414.0,95.0,65.7,82.47,7.7,9.8
Dibrugarh,47.0,IN,1607904414.0,78.0,27.48,94.9,59.47,2.59
Codrington,24.0,AU,1607904414.0,41.0,-38.27,141.97,80.42,13.78
Saint-Philippe,90.0,RE,1607904414.0,83.0,-21.36,55.77,75.2,20.8
Oranjestad,20.0,AW,1607904414.0,74.0,12.52,-70.03,82.4,18.34
Mersing,93.0,MY,1607904115.0,94.0,2.43,103.84,75.2,5.82
Airai,99.0,TL,1607904414.0,96.0,-8.93,125.41,69.28,1.14
Mocuba,100.0,MZ,1607904414.0,92.0,-16.84,36.99,74.01,2.46
Portland,90.0,US,1607904319.0,81.0,45.52,-122.68,43.0,5.82
Kautokeino,99.0,NO,1607904414.0,97.0,69.01,23.04,22.17,2.06
Afrikanda,100.0,RU,1607904414.0,96.0,67.44,32.78,21.0,4.79
Kushima,75.0,JP,1607904414.0,57.0,31.46,131.23,50.0,17.22
Nurma,90.0,RU,1607904415.0,85.0,59.55,31.02,26.01,2.24
East London,50.0,ZA,1607904415.0,85.0,-33.02,27.91,69.96,13.0
Inhambane,7.0,MZ,1607904415.0,90.0,-23.86,35.38,77.0,6.44
Klaksvík,100.0,FO,1607904415.0,87.0,62.23,-6.59,44.6,32.21
Constitución,11.0,CL,1607904415.0,56.0,-35.33,-72.42,59.94,16.73
Ostrovnoy,82.0,RU,1607904415.0,97.0,68.05,39.51,25.32,2.8
Poronaysk,0.0,RU,1607904415.0,82.0,49.22,143.12,8.44,7.34
Tura,74.0,IN,1607904415.0,72.0,25.52,90.22,58.78,2.55
Lincoln Village,40.0,US,1607904177.0,74.0,39.95,-83.13,37.99,8.05
Kavaratti,23.0,IN,1607904415.0,66.0,10.57,72.64,81.75,2.59
Kaitangata,90.0,NZ,1607904416.0,54.0,-46.28,169.85,62.08,6.38
Reinosa,0.0,ES,1607904416.0,55.0,43.0,-4.14,66.2,14.99
Port Moresby,20.0,PG,1607904416.0,66.0,-9.44,147.18,86.0,11.41
Wuwei,7.0,CN,1607904416.0,84.0,37.93,102.64,10.63,0.94
Bengkulu,100.0,ID,1607904416.0,83.0,-3.8,102.27,75.6,1.95
Butaritari,3.0,KI,1607904416.0,74.0,3.07,172.79,82.36,17.96
Monroe,90.0,US,1607904416.0,69.0,43.15,-77.68,37.0,5.82
Buala,83.0,SB,1607904416.0,63.0,-8.14,159.59,86.54,3.2
Cidreira,86.0,BR,1607904417.0,92.0,-30.18,-50.21,71.26,5.68
Zhengjiatun,0.0,CN,1607904417.0,85.0,43.51,123.51,-4.32,10.74
Stawell,0.0,AU,1607904417.0,27.0,-37.05,142.77,83.28,16.04
Bubaque,0.0,GW,1607904417.0,63.0,11.28,-15.83,80.4,8.63
Leshukonskoye,98.0,RU,1607904417.0,97.0,64.9,45.76,14.94,6.64
Pevek,100.0,RU,1607904417.0,89.0,69.7,170.31,12.96,8.66
Prainha,100.0,BR,1607904417.0,61.0,-1.8,-53.48,82.02,2.8
Nichinan,75.0,JP,1607904306.0,66.0,31.6,131.37,50.0,12.75
Alyangula,40.0,AU,1607904417.0,88.0,-13.85,136.42,80.6,6.93
Port Hedland,33.0,AU,1607904417.0,58.0,-20.32,118.57,82.4,8.05
Talara,30.0,PE,1607904417.0,84.0,-4.58,-81.27,67.96,16.89
Kieta,93.0,PG,1607904417.0,65.0,-6.22,155.63,86.25,6.02
Acapulco de Juárez,20.0,MX,1607904418.0,74.0,16.86,-99.89,84.2,4.7
Anadyr,75.0,RU,1607904418.0,85.0,64.75,177.48,21.2,20.13
Nanortalik,100.0,GL,1607904418.0,97.0,60.14,-45.24,30.74,10.36
Rio Grande,75.0,BR,1607904418.0,78.0,-32.03,-52.1,73.4,11.41
Byron Bay,75.0,AU,1607904418.0,94.0,-28.65,153.62,69.8,23.04
Peterhead,90.0,GB,1607904418.0,93.0,57.51,-1.8,48.2,13.87
Leningradskiy,100.0,RU,1607904418.0,90.0,69.38,178.42,16.3,21.59
Santa Cruz de la Sierra,40.0,BO,1607904418.0,74.0,-17.8,-63.17,80.6,18.34
Pierre,1.0,US,1607904389.0,52.0,44.37,-100.35,19.4,11.41
Oistins,20.0,BB,1607904419.0,83.0,13.07,-59.53,78.8,6.93
Vila Velha,0.0,BR,1607904318.0,78.0,-20.33,-40.29,77.0,10.29
Itarema,55.0,BR,1607904419.0,76.0,-2.92,-39.92,81.07,15.17
Tabou,78.0,CI,1607904419.0,86.0,4.42,-7.35,78.21,5.86
Nyuksenitsa,67.0,RU,1607904419.0,93.0,60.41,44.24,17.47,7.96
Breytovo,100.0,RU,1607904419.0,98.0,58.3,37.86,23.67,9.31
San Quintín,0.0,MX,1607904419.0,59.0,30.48,-115.95,64.06,2.21
Yar-Sale,99.0,RU,1607904419.0,96.0,66.83,70.83,12.31,4.21
Nantucket,1.0,US,1607904185.0,87.0,41.28,-70.1,51.8,10.29
Cartagena,40.0,CO,1607904204.0,83.0,10.4,-75.51,82.4,11.41
Russell,90.0,US,1607904420.0,88.0,32.35,-85.2,64.4,6.67
Tingi,99.0,TZ,1607904152.0,90.0,-11.3,35.03,64.22,3.91
Solwezi,100.0,ZM,1607904420.0,94.0,-12.17,26.39,62.1,6.49
Huarmey,72.0,PE,1607904420.0,80.0,-10.07,-78.15,68.56,6.6
Mastung,0.0,PK,1607904420.0,87.0,29.8,66.84,33.44,8.77
Nikolskoye,90.0,RU,1607904420.0,85.0,59.7,30.79,26.01,2.24
Te Anau,28.0,NZ,1607904420.0,48.0,-45.42,167.72,62.35,2.95
Kyaikto,0.0,MM,1607904420.0,62.0,17.3,97.02,66.2,2.73
Havre-St-Pierre,90.0,CA,1607904421.0,61.0,50.23,-63.6,14.0,17.22
Emba,3.0,KZ,1607904421.0,80.0,48.83,58.14,11.37,2.33
Qaqortoq,75.0,GL,1607904421.0,86.0,60.72,-46.03,26.6,1.12
Kuril'sk,99.0,RU,1607904421.0,86.0,45.23,147.88,23.52,19.19
Kropotkin,75.0,RU,1607904160.0,80.0,45.44,40.58,40.59,15.14
Oranjemund,0.0,NA,1607904421.0,86.0,-28.55,16.43,60.89,10.56
Teya,100.0,RU,1607904421.0,90.0,60.38,92.63,0.12,4.47
Chato,100.0,TZ,1607904421.0,90.0,-2.64,31.77,64.38,6.49
General Pico,0.0,AR,1607904421.0,25.0,-35.66,-63.76,65.32,4.56
Sitrah,5.0,BH,1607904422.0,72.0,26.15,50.62,64.4,12.75
Verkh-Suetka,93.0,RU,1607904422.0,95.0,53.3,80.05,6.42,6.38
Lompoc,90.0,US,1607904422.0,87.0,34.64,-120.46,57.2,6.93
Panabá,30.0,MX,1607904422.0,92.0,21.28,-88.27,74.61,6.55
Sidi Ali,100.0,DZ,1607904422.0,72.0,36.1,0.42,58.33,7.58
Los Llanos de Aridane,75.0,ES,1607904422.0,88.0,28.66,-17.92,64.4,7.7
Porto-Novo,40.0,BJ,1607904422.0,88.0,6.5,2.6,82.4,10.29
Iberia,75.0,US,1607904422.0,88.0,29.95,-91.75,69.8,16.11
De-Kastri,98.0,RU,1607904422.0,90.0,51.47,140.78,1.89,17.27
Malbork,100.0,PL,1607904422.0,100.0,54.04,19.03,35.01,5.82
Mozarlândia,79.0,BR,1607904423.0,69.0,-14.74,-50.57,80.02,5.08
Avera,75.0,US,1607904423.0,91.0,33.19,-82.53,61.0,4.56
Sibiti,100.0,CG,1607904423.0,100.0,-3.68,13.35,69.69,1.45
Yerbogachën,97.0,RU,1607904423.0,85.0,61.28,108.01,-22.02,8.72
Hong Gai,75.0,VN,1607904423.0,88.0,20.96,107.09,73.4,5.82
Alice Town,17.0,BS,1607904423.0,69.0,25.72,-79.3,75.49,6.76
Tucuruí,87.0,BR,1607904183.0,81.0,-3.77,-49.67,78.04,0.85
Pangnirtung,0.0,CA,1607904423.0,70.0,66.15,-65.71,-10.17,4.9
Georgiyevka,90.0,KZ,1607904424.0,85.0,43.04,74.71,14.0,2.24
Erie,75.0,US,1607904373.0,69.0,42.77,-78.67,37.0,5.82
Porangatu,99.0,BR,1607904424.0,74.0,-13.44,-49.15,76.75,2.35
Paysandu,90.0,UY,1607904424.0,82.0,-32.32,-58.08,64.99,1.99
Neepawa,75.0,CA,1607904424.0,77.0,50.23,-99.47,5.0,18.34
Lozova,100.0,UA,1607904149.0,93.0,48.89,36.32,33.24,14.74
Coahuayana Viejo,40.0,MX,1607904424.0,74.0,18.73,-103.68,78.8,11.41
Aksarka,100.0,RU,1607904424.0,96.0,66.56,67.8,12.22,3.09
Jalu,0.0,LY,1607904424.0,53.0,29.03,21.55,56.16,17.31
Jishou,100.0,CN,1607904425.0,94.0,28.32,109.72,31.44,5.44
Cutro,11.0,IT,1607904425.0,67.0,39.04,16.98,48.99,5.01
Southbridge,90.0,US,1607904425.0,72.0,42.08,-72.03,44.01,6.51
Aklavik,24.0,CA,1607904425.0,73.0,68.22,-135.01,-29.2,5.82
Hong Kong,88.0,HK,1607904177.0,81.0,22.29,114.16,70.0,15.59
Kismayo,1.0,SO,1607904425.0,80.0,-0.36,42.55,77.36,11.23
La Romana,20.0,DO,1607904425.0,88.0,18.43,-68.97,75.2,4.7
Flin Flon,5.0,CA,1607904425.0,69.0,54.77,-101.86,-7.6,5.82
Valladolid,90.0,ES,1607904426.0,100.0,41.58,-4.67,48.99,5.82
Bilibino,100.0,RU,1607904426.0,87.0,68.05,166.44,-1.75,4.54
Faanui,3.0,PF,1607904426.0,73.0,-16.48,-151.75,80.31,10.94
Kenai,90.0,US,1607904355.0,50.0,60.55,-151.26,33.8,17.22
Kungurtug,98.0,RU,1607904426.0,84.0,50.6,97.52,-6.59,1.14
Qui Nhon,24.0,VN,1607904127.0,89.0,13.77,109.23,75.33,5.23
Poso,100.0,ID,1607904426.0,57.0,-1.4,120.75,88.0,2.13
Pisco,0.0,PE,1607904426.0,77.0,-13.7,-76.22,69.8,21.92
Necochea,0.0,AR,1607904399.0,80.0,-38.55,-58.74,57.0,4.34
Tuatapere,62.0,NZ,1607904426.0,71.0,-46.13,167.68,57.99,11.99
Talnakh,98.0,RU,1607904427.0,75.0,69.49,88.4,-16.6,4.47
Tasiilaq,100.0,GL,1607904427.0,60.0,65.61,-37.64,39.2,21.81
Pokhara,0.0,NP,1607904427.0,35.0,28.23,83.98,54.46,4.7
Yangi Marg`ilon,90.0,UZ,1607904427.0,80.0,40.43,71.72,30.2,6.93
Bayir,75.0,TR,1607904427.0,87.0,37.27,28.22,59.0,4.7
Bozoum,1.0,CF,1607904427.0,30.0,6.32,16.38,73.02,2.35
Torbay,90.0,CA,1607904199.0,100.0,47.67,-52.73,28.99,17.22
Ust'-Ishim,100.0,RU,1607904427.0,96.0,57.69,71.17,13.32,8.08
Baruun-Urt,0.0,MN,1607904427.0,83.0,46.68,113.28,-15.27,7.63
Aldama,1.0,MX,1607904428.0,63.0,22.92,-98.07,80.01,1.99
Karpathos,100.0,GR,1607904323.0,87.0,35.51,27.21,59.0,13.87
Mutare,97.0,ZW,1607904428.0,97.0,-18.97,32.67,65.53,5.06
Kapaa,1.0,US,1607904428.0,65.0,22.08,-159.32,82.4,6.93
Taoudenni,63.0,ML,1607904428.0,25.0,22.68,-3.98,67.95,9.95
São Félix do Xingu,90.0,BR,1607904428.0,77.0,-6.64,-51.99,76.68,1.9
Algiers,20.0,DZ,1607904273.0,93.0,36.75,3.04,46.4,3.36
Kawhia,0.0,NZ,1607904428.0,42.0,-38.07,174.82,77.0,3.0
São João da Barra,89.0,BR,1607904429.0,83.0,-21.64,-41.05,75.92,21.03
Deputatsky,100.0,RU,1607904429.0,87.0,69.3,139.9,-24.29,2.48
Kédougou,42.0,SN,1607904429.0,24.0,12.56,-12.17,76.28,2.04
Salisbury,85.0,GB,1607904295.0,93.0,51.07,-1.8,52.0,20.8
Tessalit,0.0,ML,1607904429.0,28.0,20.2,1.01,64.78,8.03
Biltine,70.0,TD,1607904429.0,21.0,14.53,20.92,69.87,4.97
Yantongshan,14.0,CN,1607904429.0,87.0,43.29,126.01,-0.99,8.14
Sabzawār,0.0,IR,1607904429.0,76.0,36.21,57.68,28.74,6.11
Cardston,100.0,CA,1607904430.0,84.0,49.2,-113.3,8.6,4.7
Varadero,20.0,CU,1607904430.0,83.0,23.15,-81.25,75.2,8.05
Villarrobledo,100.0,ES,1607904430.0,96.0,39.27,-2.6,43.0,0.87
Morón,17.0,AR,1607904430.0,72.0,-34.65,-58.62,75.0,5.99
Tagāb,90.0,AF,1607904430.0,79.0,34.85,69.65,33.8,3.36
Walvis Bay,17.0,NA,1607904430.0,82.0,-22.96,14.51,62.6,8.05
Laguna,90.0,US,1607904430.0,87.0,38.42,-121.42,51.8,6.93
Arvika,98.0,SE,1607904430.0,100.0,59.66,12.59,35.6,3.36
Dalvik,40.0,IS,1607904430.0,86.0,65.97,-18.53,41.0,6.93
Bahía Blanca,5.0,AR,1607904431.0,36.0,-38.72,-62.27,65.73,9.04
Sistranda,0.0,NO,1607904431.0,74.0,63.73,8.83,35.6,10.29
Mathbaria,58.0,BD,1607904431.0,67.0,22.29,89.96,65.16,4.94
Grand Gaube,35.0,MU,1607904431.0,85.0,-20.01,57.66,73.99,1.99
Hefei,0.0,CN,1607904431.0,84.0,31.86,117.28,32.0,6.71
Port Blair,73.0,IN,1607904193.0,79.0,11.67,92.75,76.78,8.7
Touros,0.0,BR,1607904431.0,83.0,-5.2,-35.46,78.8,5.82
College,75.0,US,1607904178.0,65.0,64.86,-147.8,6.8,14.99
Charlottetown,90.0,CA,1607904431.0,100.0,46.24,-63.13,41.0,2.24
Atar,96.0,MR,1607904431.0,24.0,20.52,-13.05,65.8,7.25
Magistral'nyy,24.0,RU,1607904432.0,83.0,56.17,107.45,-23.78,4.76
Creemore,96.0,CA,1607904432.0,93.0,44.33,-80.11,32.0,4.7
Methóni,100.0,GR,1607904432.0,83.0,36.82,21.7,55.0,6.93
São Filipe,19.0,CV,1607904432.0,72.0,14.9,-24.5,74.73,10.07
Pemba,20.0,MZ,1607904432.0,88.0,-12.97,40.52,78.8,6.93
Tiarei,40.0,PF,1607904432.0,66.0,-17.53,-149.33,86.0,13.87
Chiang Klang,40.0,TH,1607904432.0,100.0,19.29,100.86,59.0,1.19
Kurchum,92.0,KZ,1607904432.0,80.0,48.57,83.65,-1.93,0.25
Gardez,75.0,AF,1607904432.0,93.0,33.6,69.23,22.48,5.06
Saint-Louis,100.0,SN,1607904432.0,18.0,16.33,-15.0,74.66,9.86
Aykhal,0.0,RU,1607904433.0,74.0,66.0,111.5,-25.6,6.71
Luangwa,99.0,ZM,1607904433.0,85.0,-15.62,30.42,73.98,1.19
Bonthe,38.0,SL,1607904433.0,84.0,7.53,-12.51,78.93,5.26
Cap Malheureux,29.0,MU,1607904433.0,85.0,-19.98,57.61,73.99,1.99
Chokwé,0.0,MZ,1607904433.0,81.0,-24.53,32.98,76.44,4.18
La Ronge,0.0,CA,1607904433.0,69.0,55.1,-105.28,-7.6,4.7
Moundou,22.0,TD,1607904433.0,26.0,8.57,16.08,74.59,1.77
Sola,75.0,VU,1607904433.0,70.0,-13.88,167.55,87.8,2.24
Myanaung,0.0,MM,1607904433.0,78.0,18.28,95.32,62.04,3.27
Emerald,14.0,AU,1607904434.0,44.0,-23.53,148.17,86.0,13.87
Hua Hin,100.0,TH,1607904434.0,88.0,12.57,99.96,75.2,2.24
Port Lincoln,1.0,AU,1607904434.0,50.0,-34.73,135.87,80.26,11.39
Yola,0.0,NG,1607904434.0,24.0,9.2,12.48,77.43,2.48
Athabasca,35.0,CA,1607904434.0,76.0,54.72,-113.29,-5.8,5.82
Rūdbār,0.0,AF,1607904434.0,65.0,30.15,62.6,35.49,9.64
Launceston,75.0,AU,1607904434.0,60.0,-41.45,147.17,73.99,10.29
Champerico,40.0,GT,1607904435.0,66.0,14.3,-91.92,84.2,6.93
Clyde River,90.0,CA,1607904435.0,76.0,70.47,-68.59,-4.0,9.17
Moose Factory,90.0,CA,1607904435.0,78.0,51.26,-80.61,12.2,6.93
Saint-Doulchard,40.0,FR,1607904435.0,87.0,47.1,2.35,46.0,9.17
Sibu,40.0,MY,1607904435.0,100.0,2.3,111.82,75.2,1.41
Izoplit,100.0,RU,1607904435.0,97.0,56.63,36.22,24.67,7.0
Nabire,99.0,ID,1607904351.0,71.0,-3.37,135.48,84.33,1.41
Lucapa,100.0,AO,1607904435.0,99.0,-8.42,20.74,65.34,3.65
Bonham,90.0,US,1607904435.0,93.0,33.58,-96.18,36.0,17.22
São José da Coroa Grande,65.0,BR,1607904435.0,77.0,-8.9,-35.15,78.66,10.31
Coyhaique,90.0,CL,1607904436.0,66.0,-45.58,-72.07,50.0,4.7
Padang,100.0,ID,1607904196.0,69.0,-0.95,100.35,77.72,3.36
Gweta,100.0,BW,1607904436.0,64.0,-20.18,25.23,73.94,13.15
Acajutla,0.0,SV,1607904436.0,45.0,13.59,-89.83,84.2,2.24
Narsaq,75.0,GL,1607904436.0,86.0,60.92,-46.05,26.6,1.12
Vestmanna,100.0,FO,1607904436.0,87.0,62.16,-7.17,44.6,32.21
Harper,49.0,LR,1607904436.0,85.0,4.38,-7.72,78.49,6.02
Tashtyp,100.0,RU,1607904436.0,92.0,52.79,89.9,12.69,5.91
Snyder,1.0,US,1607904436.0,64.0,32.72,-100.92,35.6,13.87
Saint-Gilles,0.0,FR,1607904437.0,86.0,43.68,4.43,41.0,2.24
Melilla,0.0,ES,1607904437.0,87.0,35.29,-2.94,57.2,1.03
Kichmengskiy Gorodok,66.0,RU,1607904437.0,95.0,59.98,45.79,15.48,7.81
Misratah,8.0,LY,1607904437.0,68.0,32.38,15.09,62.01,28.21
Lázaro Cárdenas,0.0,MX,1607904437.0,75.0,17.96,-102.2,78.42,3.18
Dotnuva,100.0,LT,1607904437.0,92.0,55.35,23.9,28.4,2.24
Ladário,50.0,BR,1607904437.0,56.0,-19.0,-57.6,83.03,2.66
Bendigo,3.0,AU,1607904437.0,53.0,-36.77,144.28,86.0,1.99
Okhotsk,100.0,RU,1607904438.0,82.0,59.38,143.3,-2.33,18.99
Khovd,51.0,MN,1607904438.0,83.0,48.01,91.64,-3.71,1.43
Ambilobe,35.0,MG,1607904438.0,86.0,-13.2,49.05,74.19,2.3
Rome,90.0,US,1607904438.0,69.0,43.21,-75.46,37.4,13.87
Hanna,8.0,CA,1607904438.0,91.0,51.63,-111.9,1.4,11.41
Oktyabr'skiy,94.0,RU,1607904438.0,91.0,54.48,53.47,6.13,3.98
Itaituba,100.0,BR,1607904380.0,78.0,-4.28,-55.98,78.58,1.28
Santa Fe,32.0,AR,1607904438.0,71.0,-31.63,-60.7,66.99,3.0
Krutinka,75.0,RU,1607904438.0,95.0,56.01,71.51,7.47,10.4
Wagar,0.0,SD,1607904438.0,86.0,16.15,36.2,65.41,8.81
Qazvin,0.0,IR,1607904439.0,92.0,36.28,50.0,28.4,2.24
Mayo,1.0,US,1607904439.0,62.0,38.89,-76.51,53.6,8.05
Sorochinsk,100.0,RU,1607904439.0,93.0,52.43,53.16,10.26,2.95
Nobres,65.0,BR,1607904439.0,77.0,-14.72,-56.33,77.2,5.06
Coruripe,93.0,BR,1607904439.0,77.0,-10.13,-36.18,76.66,7.99
Marrakesh,75.0,MA,1607904398.0,87.0,31.63,-8.01,59.0,2.24
Orlik,95.0,RU,1607904439.0,79.0,52.52,99.83,-13.29,2.62
Jieshi,93.0,CN,1607904439.0,77.0,22.81,115.83,66.99,1.99
Bijie,100.0,CN,1607904439.0,85.0,27.31,105.29,35.8,3.76
Lagan,86.0,RU,1607904439.0,96.0,45.39,47.37,32.0,19.22
Khandyga,55.0,RU,1607904439.0,70.0,62.67,135.6,-54.47,1.21
Konya Province,75.0,TR,1607904270.0,87.0,38.17,32.5,46.4,9.17
Preobrazheniye,0.0,RU,1607904440.0,78.0,42.9,133.91,8.1,10.0
Vestmannaeyjar,100.0,IS,1607904440.0,83.0,63.44,-20.27,42.62,25.57
Kitimat,98.0,CA,1607904373.0,73.0,54.05,-128.65,34.0,3.49
Alofi,90.0,NU,1607904440.0,94.0,-19.06,-169.92,77.0,9.17
Kumul,0.0,CN,1607904440.0,73.0,42.8,93.45,10.8,4.29
Benghazi,65.0,LY,1607904440.0,69.0,32.12,20.07,62.6,24.34
Namatanai,77.0,PG,1607904440.0,72.0,-3.67,152.43,85.06,5.37
Gizo Government Station,72.0,SB,1607904440.0,67.0,-8.1,156.84,86.04,8.39
Barentu,0.0,ER,1607904440.0,84.0,15.11,37.59,59.18,3.71
Palmer,90.0,US,1607904440.0,61.0,42.16,-72.33,46.4,5.82
Jardim,26.0,BR,1607904441.0,62.0,-21.48,-56.14,80.11,4.0
Maniitsoq,100.0,GL,1607904441.0,91.0,65.42,-52.9,17.94,7.11
Kutum,100.0,SD,1607904441.0,27.0,14.2,24.67,63.72,4.85
Alihe,1.0,CN,1607904441.0,80.0,50.57,123.72,-12.01,5.1
Mehamn,88.0,NO,1607904441.0,94.0,71.04,27.85,29.52,11.03
Torbat-e Jām,0.0,IR,1607904441.0,83.0,35.24,60.62,25.52,1.63
Uray,99.0,RU,1607904441.0,90.0,60.12,64.78,18.57,11.65
Saint Anthony,90.0,US,1607904441.0,79.0,45.02,-93.22,27.0,9.17
Baião,79.0,BR,1607904441.0,86.0,-2.79,-49.67,76.15,3.04
Nyurba,99.0,RU,1607904441.0,84.0,63.28,118.33,-26.5,8.28
Srednekolymsk,100.0,RU,1607904441.0,86.0,67.45,153.68,-24.0,6.93
Port Hardy,75.0,CA,1607904196.0,87.0,50.7,-127.42,44.6,16.11
Sioux Lookout,90.0,CA,1607904442.0,92.0,50.1,-91.92,15.8,4.7
Isla Mujeres,40.0,MX,1607904442.0,83.0,21.23,-86.73,80.6,6.93
Zenzeli,62.0,RU,1607904442.0,96.0,45.92,47.05,27.99,18.57
Puerto Madryn,69.0,AR,1607904442.0,25.0,-42.77,-65.04,68.34,20.74
Zavetnyy,86.0,RU,1607904442.0,77.0,44.93,41.14,38.66,14.9
Sept-Îles,100.0,CA,1607904442.0,92.0,50.2,-66.38,21.2,10.29
Gela,0.0,IT,1607904442.0,93.0,37.08,14.23,50.0,3.36
Wanning,93.0,CN,1607904442.0,89.0,18.8,110.4,74.41,7.47
Suez,0.0,EG,1607904406.0,70.0,29.97,32.53,70.61,20.58
Carutapera,52.0,BR,1607904443.0,85.0,-1.2,-46.02,77.76,4.76
Vostok,97.0,RU,1607904443.0,90.0,46.49,135.88,-11.22,4.76
City of San Pedro,20.0,PH,1607904443.0,83.0,14.35,121.02,82.0,9.71
Zacualpa,75.0,GT,1607904443.0,73.0,15.08,-90.83,71.6,6.93
Nome,20.0,US,1607904380.0,56.0,64.5,-165.41,15.8,24.16
Codajás,95.0,BR,1607904344.0,77.0,-3.84,-62.06,80.06,1.7
Pandan,79.0,PH,1607904443.0,80.0,14.05,124.17,82.06,11.68
Shache,94.0,CN,1607904443.0,98.0,38.42,77.24,23.11,5.3
Fredericton,90.0,CA,1607904347.0,100.0,45.95,-66.67,33.8,3.36
Ust-Nera,92.0,RU,1607904444.0,73.0,64.57,143.2,-25.78,2.55
Lodwar,67.0,KE,1607904444.0,46.0,3.12,35.6,78.78,6.02
Dolisie,100.0,CG,1607904444.0,96.0,-4.2,12.67,71.47,1.28
Labuhan,100.0,ID,1607904444.0,86.0,-6.88,112.21,77.09,5.99
Apricena,40.0,IT,1607904444.0,81.0,41.78,15.44,48.2,16.11
Birin,8.0,NP,1607904444.0,91.0,26.89,88.07,45.48,3.85
Yatou,72.0,CN,1607904444.0,94.0,37.15,122.38,24.19,11.39
Ābyek,49.0,IR,1607904444.0,92.0,36.07,50.55,30.2,6.93
Guerrero Negro,0.0,MX,1607904445.0,25.0,27.98,-114.06,68.52,17.72
Paldiski,100.0,EE,1607904445.0,87.0,59.36,24.05,27.0,4.7
Basoko,92.0,CD,1607904445.0,94.0,1.24,23.62,71.28,3.76
Aswān,18.0,EG,1607904445.0,37.0,24.09,32.91,67.35,6.85
Sorong,91.0,ID,1607904445.0,77.0,-0.88,131.25,82.49,4.27
Safford,1.0,US,1607904445.0,18.0,32.83,-109.71,53.6,13.87
Khairpur,0.0,PK,1607904445.0,43.0,27.53,68.76,53.91,4.36
Likasi,100.0,CD,1607904445.0,100.0,-10.98,26.73,61.23,2.64
Ratnagiri,81.0,IN,1607904445.0,77.0,16.98,73.3,77.22,3.2
Husavik,40.0,IS,1607904446.0,86.0,66.04,-17.34,41.0,6.93
Nanning,90.0,CN,1607904446.0,100.0,22.82,108.32,57.2,11.18
Butte,90.0,US,1607904446.0,87.0,39.65,-121.57,51.8,14.99
Itororó,12.0,BR,1607904446.0,83.0,-15.12,-40.07,67.32,2.95
Ueno-ebisumachi,91.0,JP,1607904446.0,68.0,34.75,136.13,48.0,5.99
Darhan,0.0,MN,1607904446.0,83.0,49.49,105.92,-6.92,4.88
Vänersborg,89.0,SE,1607904446.0,93.0,58.38,12.32,39.0,4.7
Metro,100.0,ID,1607904446.0,87.0,-5.11,105.31,75.99,3.4
Conceição da Barra,1.0,BR,1607904447.0,81.0,-18.59,-39.73,74.66,6.85
Hay River,22.0,CA,1607904447.0,68.0,60.82,-115.8,-18.4,3.36
Praia da Vitória,40.0,PT,1607904447.0,81.0,38.73,-27.07,54.0,16.24
Umluj,17.0,SA,1607904261.0,44.0,25.02,37.27,74.43,1.63
Kyren,63.0,RU,1607904447.0,75.0,51.68,102.14,-1.46,1.14
Kigoma,96.0,TZ,1607904447.0,79.0,-4.88,29.63,72.09,5.82
Ialibu,88.0,PG,1607904447.0,65.0,-6.28,143.99,68.45,3.76
Senno,99.0,RU,1607904448.0,91.0,59.53,33.92,24.01,4.97
Tiznit Province,1.0,MA,1607904448.0,79.0,29.58,-9.5,57.7,1.36
Camacha,75.0,PT,1607904448.0,93.0,33.08,-16.33,60.8,5.82
Marsá Maţrūḩ,75.0,EG,1607904428.0,82.0,31.35,27.25,55.4,11.41
Lamu,1.0,KE,1607904448.0,78.0,-2.27,40.9,78.8,3.36
San Policarpo,96.0,PH,1607904448.0,77.0,12.18,125.51,83.01,11.01
Kolondiéba,0.0,ML,1607904448.0,23.0,11.09,-6.89,73.8,3.53
Sulangan,13.0,PH,1607904448.0,79.0,11.14,123.72,82.27,13.09
Montrose,23.0,US,1607904448.0,61.0,38.42,-108.27,21.99,1.01
Polyarny,75.0,RU,1607904448.0,92.0,69.2,33.45,24.8,2.24
Kiama,87.0,AU,1607904449.0,82.0,-34.68,150.87,73.99,5.01
Port Shepstone,93.0,ZA,1607904449.0,89.0,-30.74,30.45,71.85,13.69
Krasnoarmiys'k,100.0,UA,1607904395.0,91.0,48.28,37.18,34.09,15.5
The Valley,20.0,AI,1607904449.0,83.0,18.22,-63.06,78.8,6.93
Cabo San Lucas,5.0,MX,1607904449.0,64.0,22.89,-109.91,75.99,11.41
Ossora,5.0,RU,1607904449.0,87.0,59.24,163.07,4.15,4.97
Mbandaka,66.0,CD,1607904450.0,91.0,0.05,18.26,70.2,2.82
Burla,0.0,IN,1607904450.0,67.0,21.5,83.87,64.81,3.24
Tete,40.0,MZ,1607904450.0,83.0,-16.16,33.59,77.0,4.7
San Andrés,20.0,CO,1607904450.0,70.0,12.58,-81.7,84.2,9.17
Puerto Quijarro,47.0,BO,1607904450.0,47.0,-17.78,-57.77,85.87,2.91
Dalby,100.0,AU,1607904450.0,74.0,-27.18,151.27,73.99,3.0
Turukhansk,100.0,RU,1607904450.0,94.0,65.82,87.98,4.05,12.88
Cervo,94.0,ES,1607904450.0,83.0,43.67,-7.41,60.01,5.01
Zhigansk,62.0,RU,1607904450.0,78.0,66.77,123.37,-42.93,14.52
Şugag,90.0,RO,1607904451.0,87.0,45.77,23.63,43.0,3.36
Balestrand,75.0,NO,1607904451.0,52.0,61.21,6.53,42.8,4.7
Chara,6.0,RU,1607904451.0,69.0,56.91,118.26,-35.45,0.18
Ilulissat,100.0,GL,1607904451.0,73.0,69.22,-51.1,24.8,9.17
Kibala,0.0,TD,1607904451.0,77.0,9.11,18.35,68.0,1.28
Kisanga,6.0,TZ,1607904451.0,90.0,-7.44,37.7,72.43,2.59
Kholm,100.0,RU,1607904451.0,98.0,59.27,32.85,24.01,4.09
Changzhou,78.0,CN,1607904431.0,73.0,31.78,119.97,35.01,3.0
Ozernovskiy,100.0,RU,1607904451.0,85.0,51.5,156.52,35.42,55.61
Haldībāri,0.0,IN,1607904452.0,75.0,26.33,88.77,61.27,4.74
Lavrentiya,100.0,RU,1607904452.0,83.0,65.58,-171.0,15.24,37.54
Juneau,75.0,US,1607904452.0,92.0,58.3,-134.42,32.0,3.36
Lypova Dolyna,100.0,UA,1607904452.0,97.0,50.56,33.8,32.29,11.12
Reconquista,44.0,AR,1607904452.0,54.0,-29.15,-59.65,66.58,10.07
Port-Gentil,40.0,GA,1607904452.0,88.0,-0.72,8.78,80.6,8.05
Inuvik,45.0,CA,1607904293.0,73.0,68.35,-133.72,-29.2,5.82
Boyuibe,90.0,BO,1607904452.0,55.0,-20.42,-63.28,86.0,4.99
Mackenzie,90.0,CA,1607904452.0,72.0,55.3,-123.17,12.2,2.24
Lancaster,100.0,US,1607904452.0,80.0,40.25,-76.25,45.0,7.05
Campbell River,90.0,CA,1607904418.0,100.0,50.02,-125.24,39.0,5.82
Sühbaatar,14.0,MN,1607904453.0,84.0,50.23,106.21,-9.27,2.8
Neiafu,90.0,TO,1607904453.0,94.0,-18.65,-173.98,78.8,20.8
Blagoyevo,81.0,RU,1607904453.0,95.0,63.37,47.92,16.12,7.0
Mahon,0.0,ES,1607904453.0,87.0,39.89,4.27,53.6,5.82
Uruçuí,17.0,BR,1607904453.0,53.0,-7.23,-44.56,80.55,4.05
Saint-Leu,90.0,RE,1607904454.0,83.0,-21.15,55.28,75.2,20.8
Yulara,75.0,AU,1607904454.0,55.0,-25.24,130.99,86.0,11.41
Santa Maria,90.0,BR,1607904454.0,88.0,-29.68,-53.81,73.4,4.7
San Cristobal,40.0,VE,1607904454.0,69.0,7.77,-72.22,80.6,6.93
Queenstown,52.0,ZA,1607904454.0,90.0,-31.9,26.88,57.31,1.48
Balkanabat,0.0,TM,1607904454.0,68.0,39.51,54.37,36.36,13.24
Sierra Vista,40.0,US,1607904454.0,18.0,31.55,-110.3,51.8,10.29
Krasnozerskoye,99.0,RU,1607904454.0,95.0,53.98,79.24,3.96,6.96
Kruisfontein,6.0,ZA,1607904454.0,95.0,-34.0,24.73,64.99,1.01
Caxito,31.0,AO,1607904454.0,85.0,-8.58,13.66,70.74,1.36
Stratford,1.0,US,1607904455.0,57.0,41.18,-73.13,51.8,6.93
Kishanpur,12.0,IN,1607904455.0,48.0,25.65,81.02,59.65,4.76
Zhezkazgan,42.0,KZ,1607904455.0,78.0,47.8,67.71,8.82,1.79
Lafiagi,0.0,NG,1607904455.0,51.0,8.87,5.42,78.93,4.45
Viedma,42.0,AR,1607904385.0,43.0,-40.81,-63.0,60.01,4.61
Dorogobuzh,100.0,RU,1607904455.0,98.0,54.91,33.3,28.67,7.2
Wajima,90.0,JP,1607904455.0,79.0,37.4,136.9,41.0,4.7
Lagoa,25.0,PT,1607904455.0,64.0,39.05,-27.98,57.83,26.66
Talcahuano,0.0,CL,1607904455.0,59.0,-36.72,-73.12,62.6,16.11
Hirado,75.0,JP,1607904455.0,60.0,33.36,129.55,42.8,20.8
Quthing,54.0,LS,1607904456.0,65.0,-30.4,27.7,60.42,1.9
Black Forest,1.0,US,1607904456.0,79.0,39.01,-104.7,21.2,5.82
